,Field1,Distance from Landward Limit,Elevation,Extracted Points X,Extracted Points Y,MHW Avg Range,MHW Avg Elevation,DT Avg Range,DT Avg Elevation,FD Avg Range,FD Avg Elevation,HD Avg Range,HD Avg Elevation,LL Avg Range,LL Avg Elevation,User Inputted Shoreline Elevation,User Inputted Berm Elevation,User Inputted Upland Elevation,User Inputted Max Berm Width,User Inputted Min Berm Width,User Inputted Max Dune Width,User Inputted Min Dune Width,User Inputted Max Dune Crest Elevation,User Inputted Min Dune Crest Elevation,User Inputted Max Shoreline Cross Shore Position,User Inputted Min Shoreline Cross Shore Position,User Inputted Max Dune Toe Cross Shore Position,User Inputted Min Dune Toe Cross Shore Position,User Inputted Max Back Dune Cross Shore Position,User Inputted Min Back Dune Cross Shore Position,User Inputted Max Back Dune Toe Cross Shore Position,User Inputted Min Back Dune Toe Cross Shore Position,RMSE Error between extracted data and user inputted approximation
0,0,0,2.8608918368410903,126.56180686076165,0.36,126.56180686076165,0.36,98.76855895202938,3.8179045941631866,85.56331877718951,6.983830062583023,83.24017467239716,7.0444993098229824,0.0,2.815800737605865,0.36,3.8,2.8,0.0,0.0,15.0,10.0,7.0,4.0,127.0,100.0,100.0,55.0,75.0,40.0,0.0,0.0,2.4840624340640973
1,1,1,2.862602137900018,98.76855895202938,3.8179045941631866,,,,,,,,,,,,,,,,,,,,,,,,,,,,
2,2,2,2.8596196359112147,85.56331877718951,6.983830062583023,,,,,,,,,,,,,,,,,,,,,,,,,,,,
3,3,3,2.85502505031499,83.24017467239716,7.0444993098229824,,,,,,,,,,,,,,,,,,,,,,,,,,,,
4,4,4,2.8695952169011147,0.0,2.815800737605865,,,,,,,,,,,,,,,,,,,,,,,,,,,,
5,5,5,2.881995492084052,,,,,,,,,,,,,,,,,,,,,,,,,,,,,,
6,6,6,2.8954237028956413,,,,,,,,,,,,,,,,,,,,,,,,,,,,,,
7,7,7,2.918113401093459,,,,,,,,,,,,,,,,,,,,,,,,,,,,,,
8,8,8,2.9356397067384767,,,,,,,,,,,,,,,,,,,,,,,,,,,,,,
9,9,9,2.9512695303545313,,,,,,,,,,,,,,,,,,,,,,,,,,,,,,
10,10,10,2.960847428085607,,,,,,,,,,,,,,,,,,,,,,,,,,,,,,
11,11,11,2.9726422144486024,,,,,,,,,,,,,,,,,,,,,,,,,,,,,,
12,12,12,2.990705182509763,,,,,,,,,,,,,,,,,,,,,,,,,,,,,,
13,13,13,3.017195885160328,,,,,,,,,,,,,,,,,,,,,,,,,,,,,,
14,14,14,3.0477511935297086,,,,,,,,,,,,,,,,,,,,,,,,,,,,,,
15,15,15,3.078936741740693,,,,,,,,,,,,,,,,,,,,,,,,,,,,,,
16,16,16,3.1101914082329705,,,,,,,,,,,,,,,,,,,,,,,,,,,,,,
17,17,17,3.1373567917273433,,,,,,,,,,,,,,,,,,,,,,,,,,,,,,
18,18,18,3.1689441477149596,,,,,,,,,,,,,,,,,,,,,,,,,,,,,,
19,19,19,3.202584268763202,,,,,,,,,,,,,,,,,,,,,,,,,,,,,,
20,20,20,3.2333362942750234,,,,,,,,,,,,,,,,,,,,,,,,,,,,,,
21,21,21,3.268330216932927,,,,,,,,,,,,,,,,,,,,,,,,,,,,,,
22,22,22,3.298646262038647,,,,,,,,,,,,,,,,,,,,,,,,,,,,,,
23,23,23,3.31896140606918,,,,,,,,,,,,,,,,,,,,,,,,,,,,,,
24,24,24,3.349427418561759,,,,,,,,,,,,,,,,,,,,,,,,,,,,,,
25,25,25,3.3830057240792835,,,,,,,,,,,,,,,,,,,,,,,,,,,,,,
26,26,26,3.4191262070828072,,,,,,,,,,,,,,,,,,,,,,,,,,,,,,
27,27,27,3.450926916189656,,,,,,,,,,,,,,,,,,,,,,,,,,,,,,
28,28,28,3.4822780109187055,,,,,,,,,,,,,,,,,,,,,,,,,,,,,,
29,29,29,3.5086702250173962,,,,,,,,,,,,,,,,,,,,,,,,,,,,,,
30,30,30,3.5381946290642152,,,,,,,,,,,,,,,,,,,,,,,,,,,,,,
31,31,31,3.5716792507843826,,,,,,,,,,,,,,,,,,,,,,,,,,,,,,
32,32,32,3.5979742216118633,,,,,,,,,,,,,,,,,,,,,,,,,,,,,,
33,33,33,3.627825903997547,,,,,,,,,,,,,,,,,,,,,,,,,,,,,,
34,34,34,3.658901980269848,,,,,,,,,,,,,,,,,,,,,,,,,,,,,,
35,35,35,3.690282957144246,,,,,,,,,,,,,,,,,,,,,,,,,,,,,,
36,36,36,3.7219397748619447,,,,,,,,,,,,,,,,,,,,,,,,,,,,,,
37,37,37,3.7471819491113334,,,,,,,,,,,,,,,,,,,,,,,,,,,,,,
38,38,38,3.7775555423702962,,,,,,,,,,,,,,,,,,,,,,,,,,,,,,
39,39,39,3.8103473596110744,,,,,,,,,,,,,,,,,,,,,,,,,,,,,,
40,40,40,3.8427260394663536,,,,,,,,,,,,,,,,,,,,,,,,,,,,,,
41,41,41,3.8773026960011623,,,,,,,,,,,,,,,,,,,,,,,,,,,,,,
42,42,42,3.9081677508249157,,,,,,,,,,,,,,,,,,,,,,,,,,,,,,
43,43,43,3.9470774350187328,,,,,,,,,,,,,,,,,,,,,,,,,,,,,,
44,44,44,3.9807026071170353,,,,,,,,,,,,,,,,,,,,,,,,,,,,,,
45,45,45,4.018368331346218,,,,,,,,,,,,,,,,,,,,,,,,,,,,,,
46,46,46,4.047785071024285,,,,,,,,,,,,,,,,,,,,,,,,,,,,,,
47,47,47,4.071818499838203,,,,,,,,,,,,,,,,,,,,,,,,,,,,,,
48,48,48,4.10004811665035,,,,,,,,,,,,,,,,,,,,,,,,,,,,,,
49,49,49,4.134018280432613,,,,,,,,,,,,,,,,,,,,,,,,,,,,,,
50,50,50,4.165897752745036,,,,,,,,,,,,,,,,,,,,,,,,,,,,,,
51,51,51,4.2103108740062964,,,,,,,,,,,,,,,,,,,,,,,,,,,,,,
52,52,52,4.257015587474807,,,,,,,,,,,,,,,,,,,,,,,,,,,,,,
53,53,53,4.300173176542778,,,,,,,,,,,,,,,,,,,,,,,,,,,,,,
54,54,54,4.348874191880752,,,,,,,,,,,,,,,,,,,,,,,,,,,,,,
55,55,55,4.403290353682598,,,,,,,,,,,,,,,,,,,,,,,,,,,,,,
56,56,56,4.452349514688164,,,,,,,,,,,,,,,,,,,,,,,,,,,,,,
57,57,57,4.501136179012349,,,,,,,,,,,,,,,,,,,,,,,,,,,,,,
58,58,58,4.5548979700399395,,,,,,,,,,,,,,,,,,,,,,,,,,,,,,
59,59,59,4.623158017969342,,,,,,,,,,,,,,,,,,,,,,,,,,,,,,
60,60,60,4.682042561963791,,,,,,,,,,,,,,,,,,,,,,,,,,,,,,
61,61,61,4.750707548620417,,,,,,,,,,,,,,,,,,,,,,,,,,,,,,
62,62,62,4.820131292427164,,,,,,,,,,,,,,,,,,,,,,,,,,,,,,
63,63,63,4.898425244024672,,,,,,,,,,,,,,,,,,,,,,,,,,,,,,
64,64,64,4.984054930934822,,,,,,,,,,,,,,,,,,,,,,,,,,,,,,
65,65,65,5.0817693813256755,,,,,,,,,,,,,,,,,,,,,,,,,,,,,,
66,66,66,5.152757941888818,,,,,,,,,,,,,,,,,,,,,,,,,,,,,,
67,67,67,5.251071934132849,,,,,,,,,,,,,,,,,,,,,,,,,,,,,,
68,68,68,5.345730869780553,,,,,,,,,,,,,,,,,,,,,,,,,,,,,,
69,69,69,5.435240362184163,,,,,,,,,,,,,,,,,,,,,,,,,,,,,,
70,70,70,5.540670491525255,,,,,,,,,,,,,,,,,,,,,,,,,,,,,,
71,71,71,5.618779119415955,,,,,,,,,,,,,,,,,,,,,,,,,,,,,,
72,72,72,5.698046091894747,,,,,,,,,,,,,,,,,,,,,,,,,,,,,,
73,73,73,5.7661667500298455,,,,,,,,,,,,,,,,,,,,,,,,,,,,,,
74,74,74,5.844795012789151,,,,,,,,,,,,,,,,,,,,,,,,,,,,,,
75,75,75,5.934099646916999,,,,,,,,,,,,,,,,,,,,,,,,,,,,,,
76,76,76,6.028782166048294,,,,,,,,,,,,,,,,,,,,,,,,,,,,,,
77,77,77,6.13415225276863,,,,,,,,,,,,,,,,,,,,,,,,,,,,,,
78,78,78,6.2481024737925255,,,,,,,,,,,,,,,,,,,,,,,,,,,,,,
79,79,79,6.375260487527049,,,,,,,,,,,,,,,,,,,,,,,,,,,,,,
80,80,80,6.529054139679224,,,,,,,,,,,,,,,,,,,,,,,,,,,,,,
81,81,81,6.681536351006462,,,,,,,,,,,,,,,,,,,,,,,,,,,,,,
82,82,82,6.817930881147342,,,,,,,,,,,,,,,,,,,,,,,,,,,,,,
83,83,83,6.895218685334999,,,,,,,,,,,,,,,,,,,,,,,,,,,,,,
84,84,84,6.794689382225406,,,,,,,,,,,,,,,,,,,,,,,,,,,,,,
85,85,85,6.613326488612507,,,,,,,,,,,,,,,,,,,,,,,,,,,,,,
86,86,86,6.391023711486009,,,,,,,,,,,,,,,,,,,,,,,,,,,,,,
87,87,87,6.130912329131811,,,,,,,,,,,,,,,,,,,,,,,,,,,,,,
88,88,88,5.89981374446516,,,,,,,,,,,,,,,,,,,,,,,,,,,,,,
89,89,89,5.683204580508665,,,,,,,,,,,,,,,,,,,,,,,,,,,,,,
90,90,90,5.456011367789449,,,,,,,,,,,,,,,,,,,,,,,,,,,,,,
91,91,91,5.263432162448698,,,,,,,,,,,,,,,,,,,,,,,,,,,,,,
92,92,92,5.0865350273737295,,,,,,,,,,,,,,,,,,,,,,,,,,,,,,
93,93,93,4.904850263427533,,,,,,,,,,,,,,,,,,,,,,,,,,,,,,
94,94,94,4.748470880911739,,,,,,,,,,,,,,,,,,,,,,,,,,,,,,
95,95,95,4.563018021604563,,,,,,,,,,,,,,,,,,,,,,,,,,,,,,
96,96,96,4.378217399908057,,,,,,,,,,,,,,,,,,,,,,,,,,,,,,
97,97,97,4.199813212592171,,,,,,,,,,,,,,,,,,,,,,,,,,,,,,
98,98,98,4.022727278360711,,,,,,,,,,,,,,,,,,,,,,,,,,,,,,
99,99,99,3.851910882059173,,,,,,,,,,,,,,,,,,,,,,,,,,,,,,
100,100,100,3.6785452428893373,,,,,,,,,,,,,,,,,,,,,,,,,,,,,,
101,101,101,3.5116259888930466,,,,,,,,,,,,,,,,,,,,,,,,,,,,,,
102,102,102,3.3562246765859327,,,,,,,,,,,,,,,,,,,,,,,,,,,,,,
103,103,103,3.2118279293245156,,,,,,,,,,,,,,,,,,,,,,,,,,,,,,
104,104,104,3.07774704983581,,,,,,,,,,,,,,,,,,,,,,,,,,,,,,
105,105,105,2.9453981138010907,,,,,,,,,,,,,,,,,,,,,,,,,,,,,,
106,106,106,2.812535369973876,,,,,,,,,,,,,,,,,,,,,,,,,,,,,,
107,107,107,2.691338061761226,,,,,,,,,,,,,,,,,,,,,,,,,,,,,,
108,108,108,2.565238192743142,,,,,,,,,,,,,,,,,,,,,,,,,,,,,,
109,109,109,2.439498245716095,,,,,,,,,,,,,,,,,,,,,,,,,,,,,,
110,110,110,2.314569012183975,,,,,,,,,,,,,,,,,,,,,,,,,,,,,,
111,111,111,2.1900306333529267,,,,,,,,,,,,,,,,,,,,,,,,,,,,,,
112,112,112,2.06541622393982,,,,,,,,,,,,,,,,,,,,,,,,,,,,,,
113,113,113,1.9448277388375237,,,,,,,,,,,,,,,,,,,,,,,,,,,,,,
114,114,114,1.8155800570869236,,,,,,,,,,,,,,,,,,,,,,,,,,,,,,
115,115,115,1.6926938867491839,,,,,,,,,,,,,,,,,,,,,,,,,,,,,,
116,116,116,1.5714810189795128,,,,,,,,,,,,,,,,,,,,,,,,,,,,,,
117,117,117,1.4454747035049131,,,,,,,,,,,,,,,,,,,,,,,,,,,,,,
118,118,118,1.3304403984230955,,,,,,,,,,,,,,,,,,,,,,,,,,,,,,
119,119,119,1.217266976780008,,,,,,,,,,,,,,,,,,,,,,,,,,,,,,
120,120,120,1.0974229056539941,,,,,,,,,,,,,,,,,,,,,,,,,,,,,,
121,121,121,0.986433440727071,,,,,,,,,,,,,,,,,,,,,,,,,,,,,,
122,122,122,0.8711851650565895,,,,,,,,,,,,,,,,,,,,,,,,,,,,,,
123,123,123,0.7570956651355234,,,,,,,,,,,,,,,,,,,,,,,,,,,,,,
124,124,124,0.6451474091444279,,,,,,,,,,,,,,,,,,,,,,,,,,,,,,
125,125,125,0.5369556389650584,,,,,,,,,,,,,,,,,,,,,,,,,,,,,,
126,126,126,0.4358408735605523,,,,,,,,,,,,,,,,,,,,,,,,,,,,,,
127,127,127,0.33242621943344347,,,,,,,,,,,,,,,,,,,,,,,,,,,,,,
128,128,128,0.2259732880773195,,,,,,,,,,,,,,,,,,,,,,,,,,,,,,
129,129,129,0.11748296454639096,,,,,,,,,,,,,,,,,,,,,,,,,,,,,,
130,130,130,0.01333208035653055,,,,,,,,,,,,,,,,,,,,,,,,,,,,,,
131,131,131,-0.07657807705911607,,,,,,,,,,,,,,,,,,,,,,,,,,,,,,
132,132,132,-0.17196263208788398,,,,,,,,,,,,,,,,,,,,,,,,,,,,,,
133,133,133,-0.265138334904424,,,,,,,,,,,,,,,,,,,,,,,,,,,,,,
134,134,134,-0.3577870898613386,,,,,,,,,,,,,,,,,,,,,,,,,,,,,,
135,135,135,-0.4435316656176657,,,,,,,,,,,,,,,,,,,,,,,,,,,,,,
136,136,136,-0.5259174323109459,,,,,,,,,,,,,,,,,,,,,,,,,,,,,,
137,137,137,-0.6038852192662525,,,,,,,,,,,,,,,,,,,,,,,,,,,,,,
138,138,138,-0.6848257846621558,,,,,,,,,,,,,,,,,,,,,,,,,,,,,,
139,139,139,-0.7585858946280464,,,,,,,,,,,,,,,,,,,,,,,,,,,,,,
140,140,140,-0.8289473079912167,,,,,,,,,,,,,,,,,,,,,,,,,,,,,,
141,141,141,-0.8978951092858671,,,,,,,,,,,,,,,,,,,,,,,,,,,,,,
142,142,142,-0.9527634322696615,,,,,,,,,,,,,,,,,,,,,,,,,,,,,,
143,143,143,-1.0097354997589463,,,,,,,,,,,,,,,,,,,,,,,,,,,,,,
144,144,144,-1.0654692692797023,,,,,,,,,,,,,,,,,,,,,,,,,,,,,,
145,145,145,-1.1204912588000298,,,,,,,,,,,,,,,,,,,,,,,,,,,,,,
146,146,146,-1.1701211241865737,,,,,,,,,,,,,,,,,,,,,,,,,,,,,,
147,147,147,-1.2164638008068969,,,,,,,,,,,,,,,,,,,,,,,,,,,,,,
148,148,148,-1.2591581746098885,,,,,,,,,,,,,,,,,,,,,,,,,,,,,,
149,149,149,-1.3057811889748216,,,,,,,,,,,,,,,,,,,,,,,,,,,,,,
150,150,150,-1.3478930415298445,,,,,,,,,,,,,,,,,,,,,,,,,,,,,,
151,151,151,-1.3874354567296705,,,,,,,,,,,,,,,,,,,,,,,,,,,,,,
152,152,152,-1.4263746223785805,,,,,,,,,,,,,,,,,,,,,,,,,,,,,,
153,153,153,-1.4698874104915736,,,,,,,,,,,,,,,,,,,,,,,,,,,,,,
154,154,154,-1.5114845250146505,,,,,,,,,,,,,,,,,,,,,,,,,,,,,,
155,155,155,-1.5408494286075038,,,,,,,,,,,,,,,,,,,,,,,,,,,,,,
156,156,156,-1.5750991455258776,,,,,,,,,,,,,,,,,,,,,,,,,,,,,,
157,157,157,-1.6061767232050455,,,,,,,,,,,,,,,,,,,,,,,,,,,,,,
158,158,158,-1.6352197028991935,,,,,,,,,,,,,,,,,,,,,,,,,,,,,,
159,159,159,-1.6599678026947156,,,,,,,,,,,,,,,,,,,,,,,,,,,,,,
160,160,160,-1.6826645059732614,,,,,,,,,,,,,,,,,,,,,,,,,,,,,,
161,161,161,-1.7018637276431012,,,,,,,,,,,,,,,,,,,,,,,,,,,,,,
162,162,162,-1.7240705855092289,,,,,,,,,,,,,,,,,,,,,,,,,,,,,,
163,163,163,-1.7468516311981606,,,,,,,,,,,,,,,,,,,,,,,,,,,,,,
164,164,164,-1.7656880890220272,,,,,,,,,,,,,,,,,,,,,,,,,,,,,,
165,165,165,-1.7822778576796274,,,,,,,,,,,,,,,,,,,,,,,,,,,,,,
166,166,166,-1.7976674419142602,,,,,,,,,,,,,,,,,,,,,,,,,,,,,,
167,167,167,-1.8097809673931105,,,,,,,,,,,,,,,,,,,,,,,,,,,,,,
168,168,168,-1.8251331724259297,,,,,,,,,,,,,,,,,,,,,,,,,,,,,,
169,169,169,-1.8320651154161025,,,,,,,,,,,,,,,,,,,,,,,,,,,,,,
170,170,170,-1.843740130311067,,,,,,,,,,,,,,,,,,,,,,,,,,,,,,
171,171,171,-1.8533508378503607,,,,,,,,,,,,,,,,,,,,,,,,,,,,,,
172,172,172,-1.862967353035175,,,,,,,,,,,,,,,,,,,,,,,,,,,,,,
173,173,173,-1.8723229175097091,,,,,,,,,,,,,,,,,,,,,,,,,,,,,,
174,174,174,-1.8788572400151895,,,,,,,,,,,,,,,,,,,,,,,,,,,,,,
175,175,175,-1.890183345861897,,,,,,,,,,,,,,,,,,,,,,,,,,,,,,
176,176,176,-1.895024888315915,,,,,,,,,,,,,,,,,,,,,,,,,,,,,,
177,177,177,-1.900969956414815,,,,,,,,,,,,,,,,,,,,,,,,,,,,,,
178,178,178,-1.9124533956796588,,,,,,,,,,,,,,,,,,,,,,,,,,,,,,
179,179,179,-1.915955548769577,,,,,,,,,,,,,,,,,,,,,,,,,,,,,,
180,180,180,-1.9213515898204585,,,,,,,,,,,,,,,,,,,,,,,,,,,,,,
181,181,181,-1.9215136587882358,,,,,,,,,,,,,,,,,,,,,,,,,,,,,,
182,182,182,-1.9260653761515008,,,,,,,,,,,,,,,,,,,,,,,,,,,,,,
183,183,183,-1.9317782392585856,,,,,,,,,,,,,,,,,,,,,,,,,,,,,,
184,184,184,-1.9382975259016264,,,,,,,,,,,,,,,,,,,,,,,,,,,,,,
185,185,185,-1.9423714519072208,,,,,,,,,,,,,,,,,,,,,,,,,,,,,,
186,186,186,-1.9443026865106323,,,,,,,,,,,,,,,,,,,,,,,,,,,,,,
187,187,187,-1.9504679325918794,,,,,,,,,,,,,,,,,,,,,,,,,,,,,,
188,188,188,-1.9540481005471184,,,,,,,,,,,,,,,,,,,,,,,,,,,,,,
189,189,189,-1.9477083262893071,,,,,,,,,,,,,,,,,,,,,,,,,,,,,,
190,190,190,-1.9482180610102178,,,,,,,,,,,,,,,,,,,,,,,,,,,,,,
191,191,191,-1.9480614047743676,,,,,,,,,,,,,,,,,,,,,,,,,,,,,,
192,192,192,-1.9507004379700985,,,,,,,,,,,,,,,,,,,,,,,,,,,,,,
193,193,193,-1.9579255922250285,,,,,,,,,,,,,,,,,,,,,,,,,,,,,,
194,194,194,-1.966442774570986,,,,,,,,,,,,,,,,,,,,,,,,,,,,,,
195,195,195,-1.976626345764698,,,,,,,,,,,,,,,,,,,,,,,,,,,,,,
196,196,196,-1.9846334856512262,,,,,,,,,,,,,,,,,,,,,,,,,,,,,,
197,197,197,-1.9954149281926092,,,,,,,,,,,,,,,,,,,,,,,,,,,,,,
198,198,198,-2.005154404871264,,,,,,,,,,,,,,,,,,,,,,,,,,,,,,
199,199,199,-2.021436657674512,,,,,,,,,,,,,,,,,,,,,,,,,,,,,,
200,200,200,-2.030832734927207,,,,,,,,,,,,,,,,,,,,,,,,,,,,,,
201,201,201,-2.041387705550845,,,,,,,,,,,,,,,,,,,,,,,,,,,,,,
202,202,202,-2.0525868726721943,,,,,,,,,,,,,,,,,,,,,,,,,,,,,,
203,203,203,-2.0593710166242154,,,,,,,,,,,,,,,,,,,,,,,,,,,,,,
204,204,204,-2.070042865917021,,,,,,,,,,,,,,,,,,,,,,,,,,,,,,
205,205,205,-2.0799146738346455,,,,,,,,,,,,,,,,,,,,,,,,,,,,,,
206,206,206,-2.0899587654332232,,,,,,,,,,,,,,,,,,,,,,,,,,,,,,
207,207,207,-2.1002712785409936,,,,,,,,,,,,,,,,,,,,,,,,,,,,,,
208,208,208,-2.1106159009597376,,,,,,,,,,,,,,,,,,,,,,,,,,,,,,
209,209,209,-2.122289077300857,,,,,,,,,,,,,,,,,,,,,,,,,,,,,,
210,210,210,-2.1338706573200645,,,,,,,,,,,,,,,,,,,,,,,,,,,,,,
211,211,211,-2.1463351086897995,,,,,,,,,,,,,,,,,,,,,,,,,,,,,,
212,212,212,-2.1631188035536444,,,,,,,,,,,,,,,,,,,,,,,,,,,,,,
213,213,213,-2.17845864075396,,,,,,,,,,,,,,,,,,,,,,,,,,,,,,
214,214,214,-2.1968317215663222,,,,,,,,,,,,,,,,,,,,,,,,,,,,,,
215,215,215,-2.2148492063194642,,,,,,,,,,,,,,,,,,,,,,,,,,,,,,
216,216,216,-2.2331026057314767,,,,,,,,,,,,,,,,,,,,,,,,,,,,,,
217,217,217,-2.2525157739412416,,,,,,,,,,,,,,,,,,,,,,,,,,,,,,
218,218,218,-2.272077347213476,,,,,,,,,,,,,,,,,,,,,,,,,,,,,,
219,219,219,-2.2912781989521918,,,,,,,,,,,,,,,,,,,,,,,,,,,,,,
220,220,220,-2.313612339255043,,,,,,,,,,,,,,,,,,,,,,,,,,,,,,
221,221,221,-2.330253518100352,,,,,,,,,,,,,,,,,,,,,,,,,,,,,,
222,222,222,-2.352818630865492,,,,,,,,,,,,,,,,,,,,,,,,,,,,,,
223,223,223,-2.3740452438724198,,,,,,,,,,,,,,,,,,,,,,,,,,,,,,
224,224,224,-2.3937317574076715,,,,,,,,,,,,,,,,,,,,,,,,,,,,,,
225,225,225,-2.4170292437339143,,,,,,,,,,,,,,,,,,,,,,,,,,,,,,
226,226,226,-2.4365158065300156,,,,,,,,,,,,,,,,,,,,,,,,,,,,,,
227,227,227,-2.461821453161702,,,,,,,,,,,,,,,,,,,,,,,,,,,,,,
228,228,228,-2.4847966941967936,,,,,,,,,,,,,,,,,,,,,,,,,,,,,,
229,229,229,-2.5066014985155953,,,,,,,,,,,,,,,,,,,,,,,,,,,,,,
230,230,230,-2.531974364482359,,,,,,,,,,,,,,,,,,,,,,,,,,,,,,
231,231,231,-2.5575248895762774,,,,,,,,,,,,,,,,,,,,,,,,,,,,,,
232,232,232,-2.5826599162055532,,,,,,,,,,,,,,,,,,,,,,,,,,,,,,
233,233,233,-2.610225683266896,,,,,,,,,,,,,,,,,,,,,,,,,,,,,,
234,234,234,-2.633874364361364,,,,,,,,,,,,,,,,,,,,,,,,,,,,,,
235,235,235,-2.65836211500714,,,,,,,,,,,,,,,,,,,,,,,,,,,,,,
236,236,236,-2.6864684594360217,,,,,,,,,,,,,,,,,,,,,,,,,,,,,,
237,237,237,-2.710460050515666,,,,,,,,,,,,,,,,,,,,,,,,,,,,,,
238,238,238,-2.73563320993852,,,,,,,,,,,,,,,,,,,,,,,,,,,,,,
239,239,239,-2.7616027252264486,,,,,,,,,,,,,,,,,,,,,,,,,,,,,,
240,240,240,-2.7852512755583034,,,,,,,,,,,,,,,,,,,,,,,,,,,,,,
241,241,241,-2.8141781107444594,,,,,,,,,,,,,,,,,,,,,,,,,,,,,,
242,242,242,-2.8357100880618664,,,,,,,,,,,,,,,,,,,,,,,,,,,,,,
243,243,243,-2.8647404399737386,,,,,,,,,,,,,,,,,,,,,,,,,,,,,,
244,244,244,-2.8896471781877695,,,,,,,,,,,,,,,,,,,,,,,,,,,,,,
245,245,245,-2.9135235154156116,,,,,,,,,,,,,,,,,,,,,,,,,,,,,,
246,246,246,-2.938831406017757,,,,,,,,,,,,,,,,,,,,,,,,,,,,,,
247,247,247,-2.9609593000706074,,,,,,,,,,,,,,,,,,,,,,,,,,,,,,
248,248,248,-2.9844712864459875,,,,,,,,,,,,,,,,,,,,,,,,,,,,,,
249,249,249,-3.0112841507411736,,,,,,,,,,,,,,,,,,,,,,,,,,,,,,
250,250,250,-3.0362974421043227,,,,,,,,,,,,,,,,,,,,,,,,,,,,,,
251,251,251,-3.0637107357579705,,,,,,,,,,,,,,,,,,,,,,,,,,,,,,
252,252,252,-3.0882941489702804,,,,,,,,,,,,,,,,,,,,,,,,,,,,,,
253,253,253,-3.1114131742637063,,,,,,,,,,,,,,,,,,,,,,,,,,,,,,
254,254,254,-3.138517616078717,,,,,,,,,,,,,,,,,,,,,,,,,,,,,,
255,255,255,-3.1601140121006233,,,,,,,,,,,,,,,,,,,,,,,,,,,,,,
256,256,256,-3.184472245791935,,,,,,,,,,,,,,,,,,,,,,,,,,,,,,
257,257,257,-3.210023208861834,,,,,,,,,,,,,,,,,,,,,,,,,,,,,,
258,258,258,-3.234425426054631,,,,,,,,,,,,,,,,,,,,,,,,,,,,,,
259,259,259,-3.2595689485776793,,,,,,,,,,,,,,,,,,,,,,,,,,,,,,
260,260,260,-3.2841581521055248,,,,,,,,,,,,,,,,,,,,,,,,,,,,,,
261,261,261,-3.3063557736148916,,,,,,,,,,,,,,,,,,,,,,,,,,,,,,
262,262,262,-3.330432207048727,,,,,,,,,,,,,,,,,,,,,,,,,,,,,,
263,263,263,-3.353567268354777,,,,,,,,,,,,,,,,,,,,,,,,,,,,,,
264,264,264,-3.3766238773446777,,,,,,,,,,,,,,,,,,,,,,,,,,,,,,
265,265,265,-3.4006773018101764,,,,,,,,,,,,,,,,,,,,,,,,,,,,,,
266,266,266,-3.4236614241999153,,,,,,,,,,,,,,,,,,,,,,,,,,,,,,
267,267,267,-3.449881453871202,,,,,,,,,,,,,,,,,,,,,,,,,,,,,,
268,268,268,-3.46888255547847,,,,,,,,,,,,,,,,,,,,,,,,,,,,,,
269,269,269,-3.49258423586774,,,,,,,,,,,,,,,,,,,,,,,,,,,,,,
270,270,270,-3.5171606971303797,,,,,,,,,,,,,,,,,,,,,,,,,,,,,,
271,271,271,-3.539660399180677,,,,,,,,,,,,,,,,,,,,,,,,,,,,,,
272,272,272,-3.563497081202032,,,,,,,,,,,,,,,,,,,,,,,,,,,,,,
273,273,273,-3.5844987730622817,,,,,,,,,,,,,,,,,,,,,,,,,,,,,,
274,274,274,-3.607491315724041,,,,,,,,,,,,,,,,,,,,,,,,,,,,,,
275,275,275,-3.6306866969306038,,,,,,,,,,,,,,,,,,,,,,,,,,,,,,
276,276,276,-3.654595460135506,,,,,,,,,,,,,,,,,,,,,,,,,,,,,,
277,277,277,-3.6749458081921818,,,,,,,,,,,,,,,,,,,,,,,,,,,,,,
278,278,278,-3.6966204832303893,,,,,,,,,,,,,,,,,,,,,,,,,,,,,,
279,279,279,-3.720399557231281,,,,,,,,,,,,,,,,,,,,,,,,,,,,,,
280,280,280,-3.744031233934579,,,,,,,,,,,,,,,,,,,,,,,,,,,,,,
281,281,281,-3.766137169321203,,,,,,,,,,,,,,,,,,,,,,,,,,,,,,
282,282,282,-3.7902292900673618,,,,,,,,,,,,,,,,,,,,,,,,,,,,,,
283,283,283,-3.813071932561597,,,,,,,,,,,,,,,,,,,,,,,,,,,,,,
284,284,284,-3.8346291218560173,,,,,,,,,,,,,,,,,,,,,,,,,,,,,,
285,285,285,-3.853883385133113,,,,,,,,,,,,,,,,,,,,,,,,,,,,,,
286,286,286,-3.874524539787864,,,,,,,,,,,,,,,,,,,,,,,,,,,,,,
287,287,287,-3.8962170458050025,,,,,,,,,,,,,,,,,,,,,,,,,,,,,,
288,288,288,-3.920410183557855,,,,,,,,,,,,,,,,,,,,,,,,,,,,,,
289,289,289,-3.937697478853133,,,,,,,,,,,,,,,,,,,,,,,,,,,,,,
290,290,290,-3.957052544875292,,,,,,,,,,,,,,,,,,,,,,,,,,,,,,
291,291,291,-3.976732907316233,,,,,,,,,,,,,,,,,,,,,,,,,,,,,,
292,292,292,-3.995587451867595,,,,,,,,,,,,,,,,,,,,,,,,,,,,,,
293,293,293,-4.014526209642184,,,,,,,,,,,,,,,,,,,,,,,,,,,,,,
294,294,294,-4.033668764887402,,,,,,,,,,,,,,,,,,,,,,,,,,,,,,
295,295,295,-4.051726787625956,,,,,,,,,,,,,,,,,,,,,,,,,,,,,,
296,296,296,-4.070700347160978,,,,,,,,,,,,,,,,,,,,,,,,,,,,,,
297,297,297,-4.088788589191857,,,,,,,,,,,,,,,,,,,,,,,,,,,,,,
298,298,298,-4.105009783732209,,,,,,,,,,,,,,,,,,,,,,,,,,,,,,
299,299,299,-4.121932467700101,,,,,,,,,,,,,,,,,,,,,,,,,,,,,,
300,300,300,-4.140874349073166,,,,,,,,,,,,,,,,,,,,,,,,,,,,,,
301,301,301,-4.155780397322735,,,,,,,,,,,,,,,,,,,,,,,,,,,,,,
302,302,302,-4.171676377367868,,,,,,,,,,,,,,,,,,,,,,,,,,,,,,
303,303,303,-4.186672487973117,,,,,,,,,,,,,,,,,,,,,,,,,,,,,,
304,304,304,-4.2011433771528335,,,,,,,,,,,,,,,,,,,,,,,,,,,,,,
305,305,305,-4.213934708271783,,,,,,,,,,,,,,,,,,,,,,,,,,,,,,
306,306,306,-4.232744538311391,,,,,,,,,,,,,,,,,,,,,,,,,,,,,,
307,307,307,-4.243208159434113,,,,,,,,,,,,,,,,,,,,,,,,,,,,,,
308,308,308,-4.2584331224668395,,,,,,,,,,,,,,,,,,,,,,,,,,,,,,
309,309,309,-4.271775779219976,,,,,,,,,,,,,,,,,,,,,,,,,,,,,,
310,310,310,-4.2834151505373645,,,,,,,,,,,,,,,,,,,,,,,,,,,,,,
311,311,311,-4.29642437523157,,,,,,,,,,,,,,,,,,,,,,,,,,,,,,
312,312,312,-4.307734615477171,,,,,,,,,,,,,,,,,,,,,,,,,,,,,,
313,313,313,-4.318819246628211,,,,,,,,,,,,,,,,,,,,,,,,,,,,,,
314,314,314,-4.332931060622967,,,,,,,,,,,,,,,,,,,,,,,,,,,,,,
315,315,315,-4.3427401723315535,,,,,,,,,,,,,,,,,,,,,,,,,,,,,,
316,316,316,-4.352390166421293,,,,,,,,,,,,,,,,,,,,,,,,,,,,,,
317,317,317,-4.362098637131342,,,,,,,,,,,,,,,,,,,,,,,,,,,,,,
318,318,318,-4.371655150132033,,,,,,,,,,,,,,,,,,,,,,,,,,,,,,
319,319,319,-4.385306185037554,,,,,,,,,,,,,,,,,,,,,,,,,,,,,,
320,320,320,-4.390812955763897,,,,,,,,,,,,,,,,,,,,,,,,,,,,,,
321,321,321,-4.404025803578582,,,,,,,,,,,,,,,,,,,,,,,,,,,,,,
322,322,322,-4.41243132095505,,,,,,,,,,,,,,,,,,,,,,,,,,,,,,
323,323,323,-4.41940840855569,,,,,,,,,,,,,,,,,,,,,,,,,,,,,,
324,324,324,-4.4302645013195825,,,,,,,,,,,,,,,,,,,,,,,,,,,,,,
325,325,325,-4.435145631235602,,,,,,,,,,,,,,,,,,,,,,,,,,,,,,
326,326,326,-4.440612910602586,,,,,,,,,,,,,,,,,,,,,,,,,,,,,,
327,327,327,-4.45109488575469,,,,,,,,,,,,,,,,,,,,,,,,,,,,,,
328,328,328,-4.458448495108651,,,,,,,,,,,,,,,,,,,,,,,,,,,,,,
329,329,329,-4.465867271507364,,,,,,,,,,,,,,,,,,,,,,,,,,,,,,
330,330,330,-4.468613203401608,,,,,,,,,,,,,,,,,,,,,,,,,,,,,,
331,331,331,-4.476820697868448,,,,,,,,,,,,,,,,,,,,,,,,,,,,,,
332,332,332,-4.48158982146679,,,,,,,,,,,,,,,,,,,,,,,,,,,,,,
333,333,333,-4.482599510495358,,,,,,,,,,,,,,,,,,,,,,,,,,,,,,
334,334,334,-4.489237627794039,,,,,,,,,,,,,,,,,,,,,,,,,,,,,,
335,335,335,-4.492060165573322,,,,,,,,,,,,,,,,,,,,,,,,,,,,,,
336,336,336,-4.495022813654156,,,,,,,,,,,,,,,,,,,,,,,,,,,,,,
337,337,337,-4.495305783948184,,,,,,,,,,,,,,,,,,,,,,,,,,,,,,
338,338,338,-4.500916655368217,,,,,,,,,,,,,,,,,,,,,,,,,,,,,,
339,339,339,-4.501626613381676,,,,,,,,,,,,,,,,,,,,,,,,,,,,,,
340,340,340,-4.503292083740234,,,,,,,,,,,,,,,,,,,,,,,,,,,,,,
341,341,341,-4.505896971614351,,,,,,,,,,,,,,,,,,,,,,,,,,,,,,
342,342,342,-4.508080883698317,,,,,,,,,,,,,,,,,,,,,,,,,,,,,,
343,343,343,-4.51129061325006,,,,,,,,,,,,,,,,,,,,,,,,,,,,,,
344,344,344,-4.51094943311246,,,,,,,,,,,,,,,,,,,,,,,,,,,,,,
345,345,345,-4.512900497419719,,,,,,,,,,,,,,,,,,,,,,,,,,,,,,
346,346,346,-4.514511368873361,,,,,,,,,,,,,,,,,,,,,,,,,,,,,,
347,347,347,-4.512891363992565,,,,,,,,,,,,,,,,,,,,,,,,,,,,,,
348,348,348,-4.51649656589861,,,,,,,,,,,,,,,,,,,,,,,,,,,,,,
349,349,349,-4.516081547422031,,,,,,,,,,,,,,,,,,,,,,,,,,,,,,
350,350,350,-4.517486685698253,,,,,,,,,,,,,,,,,,,,,,,,,,,,,,
351,351,351,-4.513886338288564,,,,,,,,,,,,,,,,,,,,,,,,,,,,,,
352,352,352,-4.513350932083466,,,,,,,,,,,,,,,,,,,,,,,,,,,,,,
353,353,353,-4.514050523615094,,,,,,,,,,,,,,,,,,,,,,,,,,,,,,
354,354,354,-4.513004164338637,,,,,,,,,,,,,,,,,,,,,,,,,,,,,,
355,355,355,-4.515059971074176,,,,,,,,,,,,,,,,,,,,,,,,,,,,,,
356,356,356,-4.514366269636785,,,,,,,,,,,,,,,,,,,,,,,,,,,,,,
357,357,357,-4.5106814821386125,,,,,,,,,,,,,,,,,,,,,,,,,,,,,,
358,358,358,-4.51127383782475,,,,,,,,,,,,,,,,,,,,,,,,,,,,,,
359,359,359,-4.510334842530641,,,,,,,,,,,,,,,,,,,,,,,,,,,,,,
360,360,360,-4.509680676565297,,,,,,,,,,,,,,,,,,,,,,,,,,,,,,
361,361,361,-4.513600397740166,,,,,,,,,,,,,,,,,,,,,,,,,,,,,,
362,362,362,-4.51017119916,,,,,,,,,,,,,,,,,,,,,,,,,,,,,,
363,363,363,-4.512663395919463,,,,,,,,,,,,,,,,,,,,,,,,,,,,,,
364,364,364,-4.511414401856813,,,,,,,,,,,,,,,,,,,,,,,,,,,,,,
365,365,365,-4.509570182682659,,,,,,,,,,,,,,,,,,,,,,,,,,,,,,
366,366,366,-4.508515420989318,,,,,,,,,,,,,,,,,,,,,,,,,,,,,,
367,367,367,-4.507995109726154,,,,,,,,,,,,,,,,,,,,,,,,,,,,,,
368,368,368,-4.51122291497722,,,,,,,,,,,,,,,,,,,,,,,,,,,,,,
369,369,369,-4.509493565244297,,,,,,,,,,,,,,,,,,,,,,,,,,,,,,
370,370,370,-4.511167406510676,,,,,,,,,,,,,,,,,,,,,,,,,,,,,,
371,371,371,-4.509155960335081,,,,,,,,,,,,,,,,,,,,,,,,,,,,,,
372,372,372,-4.506645557638832,,,,,,,,,,,,,,,,,,,,,,,,,,,,,,
373,373,373,-4.50892140896835,,,,,,,,,,,,,,,,,,,,,,,,,,,,,,
374,374,374,-4.5101398245353534,,,,,,,,,,,,,,,,,,,,,,,,,,,,,,
375,375,375,-4.509745415086789,,,,,,,,,,,,,,,,,,,,,,,,,,,,,,
376,376,376,-4.510079585508103,,,,,,,,,,,,,,,,,,,,,,,,,,,,,,
377,377,377,-4.50956515173555,,,,,,,,,,,,,,,,,,,,,,,,,,,,,,
378,378,378,-4.5097918909551815,,,,,,,,,,,,,,,,,,,,,,,,,,,,,,
379,379,379,-4.511938597137182,,,,,,,,,,,,,,,,,,,,,,,,,,,,,,
380,380,380,-4.511626081844784,,,,,,,,,,,,,,,,,,,,,,,,,,,,,,
381,381,381,-4.511796129957695,,,,,,,,,,,,,,,,,,,,,,,,,,,,,,
382,382,382,-4.511865061285212,,,,,,,,,,,,,,,,,,,,,,,,,,,,,,
383,383,383,-4.514534847326741,,,,,,,,,,,,,,,,,,,,,,,,,,,,,,
384,384,384,-4.515991578543239,,,,,,,,,,,,,,,,,,,,,,,,,,,,,,
385,385,385,-4.520432951166766,,,,,,,,,,,,,,,,,,,,,,,,,,,,,,
386,386,386,-4.5194234238847235,,,,,,,,,,,,,,,,,,,,,,,,,,,,,,
387,387,387,-4.519035150301089,,,,,,,,,,,,,,,,,,,,,,,,,,,,,,
388,388,388,-4.5245796426277325,,,,,,,,,,,,,,,,,,,,,,,,,,,,,,
389,389,389,-4.522788327170889,,,,,,,,,,,,,,,,,,,,,,,,,,,,,,
390,390,390,-4.522418452779627,,,,,,,,,,,,,,,,,,,,,,,,,,,,,,
391,391,391,-4.525716779515607,,,,,,,,,,,,,,,,,,,,,,,,,,,,,,
392,392,392,-4.529257938200157,,,,,,,,,,,,,,,,,,,,,,,,,,,,,,
393,393,393,-4.5291616254966165,,,,,,,,,,,,,,,,,,,,,,,,,,,,,,
394,394,394,-4.531604701726972,,,,,,,,,,,,,,,,,,,,,,,,,,,,,,
395,395,395,-4.530805377708132,,,,,,,,,,,,,,,,,,,,,,,,,,,,,,
396,396,396,-4.535237089652847,,,,,,,,,,,,,,,,,,,,,,,,,,,,,,
397,397,397,-4.535976443521777,,,,,,,,,,,,,,,,,,,,,,,,,,,,,,
398,398,398,-4.535504372634551,,,,,,,,,,,,,,,,,,,,,,,,,,,,,,
399,399,399,-4.538342904414375,,,,,,,,,,,,,,,,,,,,,,,,,,,,,,
